object_name,object_name_high_level,object_category,shape,color,secondary color,size,material,functionality,print_or_design,other_attribute,Gunshi - done or not,Column 1
Apple_25.mp4,Apple,Food,Spherical,Red,None,Small,Organic,Nutrition,Polka Dots,,,
Apple_6.mp4,Apple,Food,Spherical,Red,None,Small,Organic,Nutrition,None,,,
BaseballBat_2.mp4,Baseball Bat,Sports Equipment,Cylindrical,Brown,None,Long,Wood,Playing,None,,,
Book_12.mp4,Book,Stationery,Cuboidal,Blue,None,Small,Paper,Reading,Image,,,
Book_25.mp4,Book,Stationery,Cuboidal,Multicolored,None,Small,Paper,Reading,Image,,,
Bowl_13.mp4,Bowl,Dishware,Concave,Gray,None,Small,Ceramic,Serving,None,,,
Bread_10.mp4,Bread,Food,Cuboidal,Brown,None,Small,Flour,Nutrition,None,,,
Bread_20.mp4,Bread,Food,Oval,Brown,None,Small,Flour,Nutrition,None,,,
Bread_23.mp4,Bread,Food,Concave,Brown,None,Small,Flour,Nutrition,None,,,
Bread_27.mp4,Bread,Food,Oval,Brown,None,Small,Flour,Nutrition,None,,,
Bread_3.mp4,Bread,Food,Cuboidal,Brown,None,Small,Flour,Nutrition,None,,,
ButterKnife_1.mp4,Butter Knife,Dishware,Other,Silver,None,Small,Metal,Cutting,None,,,
Candle_3.mp4,Candle with Stand,Lighting,Cylindrical,Gold,Yellow,Small,Wax and Metal,Lighting,None,,,
Cellphone_8.mp4,Phone,Electronics,Cuboidal,Red,Black,Small,Plastic,Calling,None,,,
CreditCard_2.mp4,Credit Card,Card,Rectangular,Blue,None,Tiny,Plastic,Payment,Text,,,
Dish_Sponge_1.mp4,Dish Sponge,Toy,Cuboidal,Yellow,Green,Small,Sponge,Cleaning,None,,,
Dog_Statue_Master.mp4,Dog Statue,Statue,Animal,Green,None,Small,Plastic,Decoration,None,,,
Keychain_1.mp4,Keys,Accessory,Other,Silver,Red,Tiny,Metal,Unlocking,None,,,
Knife_1.mp4,Knife,Cookware,Other,Silver,Gold,Small,Metal,Cutting,None,,,
Ladle_2.mp4,Ladle,Dishware,Other,Silver,Black,Small,Metal,Serving,None,,,
Laptop_15.mp4,Laptop,Electronics,Rectangular,Silver,None,Medium,Metal,Computing,None,Open,,
Laptop_5.mp4,Laptop,Electronics,Rectangular,Black,None,Medium,Metal,Computing,Logo,Open,,
Pan_13.mp4,Pan,Cookware,Concave,Bronze,Black,Medium,Metal,Cooking,None,,,
Pan_15.mp4,Pan,Cookware,Concave,Silver,Bronze,Medium,Metal,Cooking,Circular pattern,,,
Pan_2.mp4,Pan,Cookware,Concave,Silver,Black,Medium,Metal,Cooking,Circular pattern,,,
Pen_2.mp4,Pen,Stationery,Cylindrical,Blue,Black,Small,Plastic,Writing,Circular pattern,,,
Plate_10.mp4,Plate,Dishware,Square,Brown,None,Small,Ceramic,Serving,Circular pattern,,,
Plate_11.mp4,Plate,Dishware,Square,Blue,None,Small,Ceramic,Serving,Square pattern,,,
Plate_23.mp4,Plate,Dishware,Square,Brown,None,Small,Ceramic,Serving,Circular pattern,,,
Plate_25.mp4,Plate,Dishware,Circular,Brown,None,Small,Ceramic,Serving,Circular pattern,,,
Potato_10.mp4,Potato,Food,Oval,Brown,None,Small,Organic,Nutrition,None,,,
Potato_26.mp4,Potato,Food,Spherical,Brown,None,Small,Organic,Nutrition,None,,,
Potato_5.mp4,Potato,Food,Oval,Brown,None,Small,Organic,Nutrition,None,,,
Soap_Bottle_11.mp4,Soap Bottle,Bottle,Cuboidal,Bronze,Green,Small,Glass and Plastic,Cleaning,None,Pump,,
Soap_Bottle_19.mp4,Soap Bottle,Bottle,Other,Blue,Bronze,Small,Glass and Plastic,Cleaning,None,Pump,,
Soap_Bottle_8.mp4,Soap Bottle,Bottle,Other,Peach,Bronze,Small,Metal and Plastic,Cleaning,None,Pump,,
Spray_Bottle_2.mp4,Spray Bottle,Bottle,Other,Green,White,Medium,Plastic,Cleaning,None,Ergonomic,,
Tennis_Racquet_4.mp4,Tennis Racquet,Sports Equipment,Other,Black,Orange,Medium,Metal,Playing,None,,,
Tomato_19.mp4,Tomato,Food,Spherical,Red,None,Small,Organic,Nutrition,None,,,
Tomato_23.mp4,Tomato,Food,Spherical,Red,None,Small,Organic,Nutrition,None,,,
Tomato_28.mp4,Tomato,Food,Spherical,Red,None,Small,Organic,Nutrition,None,,,
Tomato_3.mp4,Tomato,Food,Spherical,Red,None,Small,Organic,Nutrition,None,,,
Tomato_7.mp4,Tomato,Food,Spherical,Red,None,Small,Organic,Nutrition,None,,,
Towel_Statue_1.mp4,Human Holding Towel Statue,Statue,Human,Bronze,None,Medium,Metal,Decoration,None,Human Holding Towel Statue,,
Waving_Statue_2.mp4,Human Waving Statue,Statue,Human,Green,None,Medium,Stone,Decoration,None,Human Waving Statue,,
B00TS18AEA.mp4,Battery Charger,Appliance,Cuboidal,Black,None,Small,Plastic,Charging,Text,Amazon Basics written on it,,
B00WRDRRWW.mp4,Laptop Stand,Equipment,Other,Black,None,Medium,Metal,Elevation,Logo,Amazon logo,,
B01IJ5A0PC.mp4,Tablet Stand,Equipment,Other,Silver,None,Small,Metal,Support,None,Adjustable,,
B01IJ5A2UA.mp4,Tablet Stand,Equipment,Other,Black,None,Small,Metal,Support,None,Adjustable,,
B06X3W3YQD.mp4,Mousepad,Accessory,Rectangular,Black,None,Small,Fabric,Padding,Logo,Amazon Basics written on it,,
B074DZ65J3.mp4,Dumbbell,Sports Equipment,Other,Black,Silver,Small,Rubber,Exercising,Text,Heavy,,
B074DZ6NJB.mp4,Dumbbell,Sports Equipment,Other,Black,Silver,Small,Rubber,Exercising,Text,Heavy,,
B074DZFKH6.mp4,Dumbbell,Sports Equipment,Other,Black,Silver,Small,Rubber,Exercising,Text,Heavy,,
B075HR7LD2.mp4,Candlestick,Accessory,Cylindrical,White,Brown,Small,Stone,Decoration,None,Rustic,,
B076YL2CTT.mp4,USB Hub,Electronics,Cuboidal,Gray,Black,Tiny,Plastic,Connection,Text,Amazon Basics written on it,,
B076YRSWGW.mp4,USB Hub,Electronics,Cuboidal,Black,Blue,Tiny,Plastic,Connection,Text,Amazon Basics written on it,,
B076YRSWH3.mp4,USB Hub,Electronics,Cuboidal,Black,Blue,Tiny,Plastic,Connection,Text,Amazon Basics written on it,,
B07HK3PNSK.mp4,Pineapple Lamp,Lighting,Other,Yellow,Black,Small,Metal,Lighting,None,Neon Lamp,,
B07M6PJ66Q.mp4,Canister,Container,Cylindrical,Yellow,Red,Small,Stone,Storage,None,Lidded,,
B07MBFDKYY.mp4,Canister,Container,Cylindrical,Yellow,Blue,Small,Stone,Storage,None,Lidded,,
B07MF1NJ7Q.mp4,Canister,Container,Cylindrical,Yellow,Yellow,Small,Stone,Storage,Circular pattern,Lidded,,
B07MF1SFKD.mp4,Canister,Container,Cylindrical,Yellow,None,Small,Stone,Storage,Text,Flour written on it,,
,,,,,,,,,,,,
3D_Dollhouse_Happy_Brother.mp4,Doll,Toy,Human,Yellow,Blue,Tiny,Plastic,Playing,None,Cartoon,,
ASICS_GELDirt_Dog_4_SunFlameBlack.mp4,Shoe,Footwear,Other,Orange,Yellow,Medium,Synthetic,Running,Stitching,Athletic,,
ASICS_GELLinksmaster_WhiteRasberryGunmetal.mp4,Shoe,Footwear,Other,Gray,Black,Medium,Synthetic,Running,Stripes,Spiked,,
ASICS_HyperRocketgirl_SP_5_WhiteMalibu_BlueBlack.mp4,Shoe,Footwear,Other,White,Blue,Medium,Synthetic,Running,Stripes,Athletic,,
Air_Hogs_Wind_Flyers_Set_Airplane_Red.mp4,Airplane,Toy,Other,Red,Gold,Small,Foam,Playing,Logo,Propeller,,
Android_Figure_Chrome.mp4,Android Figure Chrome,Toy,Cylindrical,White,None,Tiny,Plastic,Decoration,None,Pressure,,
Android_Figure_Orange.mp4,Android Figure Orange,Toy,Cylindrical,Orange,None,Tiny,Plastic,Decoration,None,Abstract,,
Android_Figure_Panda.mp4,Android Figure Panda,Toy,Cylindrical,White,Black,Tiny,Plastic,Decoration,None,,,
Android_Lego.mp4,Android Lego,Toy,Other,Green,None,Tiny,Plastic,Playing,Brick pattern,Animated,,
Arm_Hammer_Diaper_Pail_Refills_12_Pack_MFWkmoweejt.mp4,Diaper Pail Refill,Household,Cuboidal,White,Yellow,Small,Cardboard,Packaging,Graphics,Odor-absorbing,,
BUNNY_RACER.mp4,Beetle,Toy,Other,Brown,Green,Small,Wood,Playing,Text,"Wheeled, Number 3 in front",,
Beta_Glucan.mp4,Bottle,Medication,Cylindrical,Blue,White,Small,Plastic,Medication,Text,Container,,
Big_Dot_Aqua_Pencil_Case.mp4,Pencilcase,Container,Cylindrical,Blue,Purple,Small,Fabric,Storage,Polka Dots,Portable,,
Big_Dot_Pink_Pencil_Case.mp4,Pouch,Container,Cylindrical,Pink,Brown,Small,Fabric,Storage,Polka Dots,Portable,,
Big_O_Sponges_Assorted_Cellulose_12_pack.mp4,Sponge,Household,Cuboidal,Purple,None,Small,Sponge,Cleaning,None,Porous,,
BlackBlack_Nintendo_3DSXL.mp4,Nintendo,Electronics,Rectangular,Black,Blue,Small,Plastic,Playing,None,Portable,,
Blackcurrant_Lutein.mp4,Blackcurrant Lutein,Medication,Cylindrical,Purple,White,Small,Plastic,Medication,Label,Portable,,
CLIMACOOL_BOAT_BREEZE_IE6CyqSaDwN.mp4,Shoe,Footwear,Other,Black,White,Small,Synthetic,Boating,Stripes,Athletic,,
CREATIVE_BLOCKS_35_MM.mp4,Puzzle,Toy,Other,Brown,Red,Small,Wood,Playing,None,Geometric,,
California_Navy_Tieks_Italian_Leather_Ballet_Flats.mp4,Ballet Flats,Footwear,Other,Blue,White,Small,Fabric,Ballet,None,Ballet Flats,,
Canon_Pixma_Ink_Cartridge_8.mp4,Ink Cartridge,Equipment,Cuboidal,White,Red,Small,Cardboard,Packaging,Text,Printing,,
Central_Garden_Flower_Pot_Goo_425.mp4,Pot,Container,Conical,Brown,None,Medium,Ceramic,Gardening,None,Empty,,
Cole_Hardware_Plant_Saucer_Glazed_9.mp4,Saucer,Container,Circular,Brown,None,Medium,Ceramic,Gardening,None,Glazed,,
Cole_Hardware_Saucer_Electric.mp4,Saucer,Container,Circular,Pink,None,Medium,Ceramic,Gardening,None,Glossy,,
Corningware_CW_by_Corningware_3qt_Oblong_Casserole_Dish_Blue.mp4,BakingPan,Cookware,Rectangular,Blue,None,Medium,Ceramic,Cooking,None,Handles,,
Crayola_Crayons_24_count.mp4,Crayons,Stationery,Cuboidal,Yellow,Green,Small,Cardboard,Packaging,Graphics,24 crayons by crayola,,
Crayola_Model_Magic_Modeling_Material_White_3_oz.mp4,Clay,Toy,Cuboidal,Yellow,Green,Small,Cardboard,Packaging,Graphics,Crayola,,
Crosley_Alarm_Clock_Vintage_Metal.mp4,Alarm Clock,Appliance,Cylindrical,Bronze,Yellow,Small,Metal,Timekeeping,Text,Antique,,
DPC_Handmade_Hat_Brown.mp4,Hat,Clothing,Cylindrical,Black,None,Medium,Fabric,Sun Protection,None,Western,,
Deskstar_Desk_Top_Hard_Drive_1_TB.mp4,Hard Drive,Electronics,Cuboidal,White,Gray,Medium,Cardboard,Packaging,Graphics,Hard disk image on box,,
Don_Franciscos_Gourmet_Coffee_Medium_Decaf_100_Colombian_12_oz_340_g.mp4,Can,Food,Cylindrical,Brown,Cream,Small,Metal,Storage,Label,Sealed,,
Ecoforms_Plant_Plate_S11Turquoise.mp4,Plant Plate,Container,Concave,Blue,None,Medium,Plastic,Gardening,None,Simple,,
Ecoforms_Plant_Pot_GP9AAvocado.mp4,Plant Pot,Container,Cylindrical,Green,None,Medium,Plastic,Gardening,None,Empty,,
Ecoforms_Plant_Saucer_S14NATURAL.mp4,Plant Saucer,Container,Concave,Brown,None,Medium,Plastic,Gardening,None,Simple,,
Ecoforms_Quadra_Saucer_SQ1_Avocado.mp4,Plant Saucer,Container,Rectangular,Green,None,Medium,Plastic,Gardening,None,Textured,,
Elephant.mp4,Elephant,Toy,Animal,Gray,None,Small,Fabric,Playing,None,Stuffed,,
Epson_DURABrite_Ultra_786_Black_Ink_Cartridge_T786120S.mp4,Cartridge,Equipment,Cuboidal,White,Gray,Small,Cardboard,Packaging,Graphics,Sealed,,
FRACTION_FUN_n4h4qte23QR.mp4,Shape Toy,Toy,Other,Multicolored,None,Small,Plastic,Playing,Geometric Pattern,Portable,,
Fisher_price_Classic_Toys_Buzzy_Bee.mp4,Buzzy Bee Toy,Toy,Other,Multicolored,None,Small,Plastic,Playing,Bee Pattern,,,
Focus_8643_Lime_Squeezer_10x35x188_Enamelled_Aluminum_Light.mp4,Squeezer,Kitchenware,Other,Green,None,Small,Plastic,Squeezing,None,Ergonomic,,
Fruity_Friends.mp4,Fruity Friends Toy,Toy,Other,Multicolored,None,Small,Plastic,Playing,Graphics,Miniature,,
Nescafe_Tasters_Choice_Instant_Coffee_Decaf_House_Blend_Light_7_oz.mp4,Coffee,Food,Cylindrical,Green,Black,Small,Metal,Cooking,Graphics,Sealed,,
Nintendo_Mario_Action_Figure.mp4,Mario,Toy,Other,Blue,Red,Small,Plastic,Playing,None,Fictional,,
Nintendo_Wii_Party_U_with_Controller_Wii_U_Game.mp4,Nintendo Wii,Games,Cuboidal,Multicolored,None,Small,Cardboard,Packaging,Graphics,Rectangular,,
OXO_Soft_Works_Can_Opener_SnapLock.mp4,Can Opener,Cookware,Other,Black,None,Small,Plastic,Opening cans,None,Wireless,,
Olive_Kids_Dinosaur_Land_Lunch_Box.mp4,Lunchbox,Container,Cuboidal,Blue,None,Small,Fabric,Storage,Dinosaurs,Chain,,
Olive_Kids_Paisley_Pencil_Case.mp4,Pencilcase,Container,Cylindrical,Pink,None,Small,Fabric,Storage,Paisley,Soft,,
Olive_Kids_Robots_Pencil_Case.mp4,Pencilcase,Container,Cylindrical,Blue,None,Small,Fabric,Storage,Robots,Zippered,,
Ortho_Forward_Facing_CkAW6rL25xH.mp4,Helmet,Accessory,Spherical,Black,Green,Medium,Plastic,Head Protection,Swirls,,,
Pet_Dophilus_powder.mp4,Bottle,Medication,Cylindrical,Yellow,White,Small,Plastic,Medication,Graphics,Helmet with no front cover,,
Pinwheel_Pencil_Case.mp4,PencilCase,Container,Cylindrical,Multicolored,None,Small,Fabric,Storage,Geometric Pattern,Zippered,,
Polar_Herring_Fillets_Smoked_Peppered_705_oz_total.mp4,Sardines,Food,Cuboidal,Brown,White,Small,Metal,Nutrition,Label,Canned,,
REEF_BANTU.mp4,Shoe,Footwear,Other,Black,Gray,Medium,Leather,Walking,None,Laced,,
RJ_Rabbit_Easter_Basket_Blue.mp4,Basket,Container,Cuboidal,White,Blue,Small,Wood,Storage,Woven Pattern,Woven,,
Schleich_Bald_Eagle.mp4,Eagle,Toy,Other,Brown,White,Small,Plastic,Decoration,None,Flying,,
Seagate_1TB_Backup_Plus_portable_drive_Blue.mp4,Hard Disk,Electronics,Cuboidal,Blue,White,Small,Metal,Digital storage,Text,Portable,,
Seagate_1TB_Backup_Plus_portable_drive_Silver.mp4,Hard Disk,Electronics,Cuboidal,Silver,None,Small,Metal,Digital storage,Text,Portable,,
Seagate_1TB_Backup_Plus_portable_drive_for_Mac.mp4,Hard Disk,Electronics,Cuboidal,Silver,None,Small,Metal,Digital storage,Text,Portable,,
Seagate_1TB_Wireless_Plus_mobile_device_storage.mp4,Hard Disk,Electronics,Cuboidal,Gray,None,Small,Plastic,Digital storage,Text,Wireless HDD,,
Seagate_3TB_Central_shared_storage.mp4,Hard Disk,Electronics,Cuboidal,Black,None,Small,Plastic,Digital storage,Text,Central Shared HD,,
Seagate_Archive_HDD_8_TB_Internal_hard_drive_SATA_6Gbs_35_ST8000AS0002.mp4,Hard Disk,Electronics,Cuboidal,Black,Silver,Small,Metal,Digital storage,Text,Internal,,
Shaxon_100_Molded_Category_6_RJ45RJ45_Shielded_Patch_Cord_White.mp4,Cable,Electronics,Cylindrical,Gray,None,Medium,Plastic,Internet connection,None,Coiled,,
Shurtape_Tape_Purple_CP28.mp4,Tape,Stationery,Cylindrical,Purple,None,Small,Paper,Adhesion,None,Adhesive,,
Sootheze_Cold_Therapy_Elephant.mp4,Elephant,Toy,Animal,Gray,Red,Small,Fabric,Playing,None,Red scarf,,
Sperry_TopSider_pSUFPWQXPp3.mp4,Boot,Footwear,Other,Brown,None,Medium,Leather,Walking,None,Chain,,
,,,,,,,,,,,,
Spritz_Easter_Basket_Plastic_Teal.mp4,Bucket,Container,Cylindrical,Blue,None,Small,Plastic,Gardening,None,Scalloped edges,done,
TURBOPROP_AIRPLANE_WITH_PILOT.mp4,Airplane,Toy,Other,Red,Cream,Small,Wood,Playing,None,Toy,done,
Tag_Dishtowel_18_x_26.mp4,Towel,Textile,Rectangular,Green,White,Medium,Fabric,Cleaning,Stripes,Folded,done,
Tag_Dishtowel_Waffle_Gray_Checks_18_x_26.mp4,Scarf,Textile,Rectangular,Gray,White,Medium,Fabric,Cleaning,Checkered,Folded,done,
Thomas_Friends_Wooden_Railway_Porter_5JzRhMm3a9o.mp4,Toy train,Toy,Cylindrical,Blue,Yellow,Small,Wood,Playing,None,,done,
,,,,,,,,,,,,
01edac706c8e5f84fbfe967d135a85e316577079.mp4,Frame,Household,Rectangular,Black,Yellow,Small,Wood,Decoration,Image,Ornate,done,
0443db4d501a2ef4f89301f47f4be51a6be97d5f.mp4,Bowl,Dishware,Concave,Green,None,Small,Plastic,Serving,None,Smooth,done,
10aad7e8b95a3bc4bf9cc81d416016befad8e737.mp4,Diary,Stationery,Cuboidal,Purple,None,Small,Paper,Writing,None,Spiral Binding,done,
115e795ad1493bd23ae7974184818cd51b937001.mp4,Bowl,Dishware,Concave,White,Green,Medium,Ceramic,Serving,Floral pattern,,done,
21e5c7cabc2047f82439c63c8e5e785d58a67bfc.mp4,Diary,Stationery,Cuboidal,Black,None,Small,Paper,Writing,None,Elastic Strap,done,
2f8ce20db01f6f9cff0d3170271f45ef139276ed.mp4,Pitcher,Container,Cylindrical,Cream,None,Medium,Metal,Storage,None,Handle,done,
2fd36b341e66b948ec0cd87264036f7881cedb4b.mp4,Vase,Household,Cylindrical,Black,None,Medium,Glass,Decoration,Textured,Hollow,done,
3017f3e89e8d40f76e1ef5d10a6c9787ba63e743.mp4,Tray,Household,Rectangular,Silver,None,Medium,Metal,Serving,None,Simple,done,
31f4052e890beb8bebedcaac4ee02b625f0d1859.mp4,Tray,Household,Rectangular,Black,None,Medium,Plastic,Serving,None,,done,
32c235017beb57dcbcc87e87871acbf68cd189ae.mp4,Clock,Appliance,Cuboidal,Brown,Cream,Small,Wood,Timekeeping,None,,done,
379ad1f30cbdee03b3ce2a68d11b6b855e746fb7.mp4,Vase,Container,Cylindrical,Multicolored,None,Medium,Ceramic,Decoration,Brick pattern,Textured,done,
387d604356db232de6468dc6a4c66230c8cd0fac.mp4,Book,Stationery,Cuboidal,Gold,Red,Small,Paper,Reading,Image,Red print,done,
3a4f40e2d346ca8cebe6edf88cec493bb89737b7.mp4,Bottle,Container,Cylindrical,Blue,Transparent,Medium,Glass,Storing Liquid,None,,done,
3b21020881a85d6316b9473259c0d77514c12876.mp4,Clock,Electronics,Cuboidal,White,None,Small,Plastic,Timekeeping,Text,digital,done,
3b519761173617ee47ca61e25681279ae9fdaba9.mp4,Plate,Dishware,Circular,Red,White,Small,Ceramic,Serving,Polka Dots,Polka dot,done,
41753aebe629e7e2fbc8c576ce5865056b824ff7.mp4,Plate,Dishware,Circular,White,Blue,Small,Ceramic,Serving,Graphics,,done,
450399b5e12af02ee45e094a7a95580432d82f86.mp4,Timepiece,Electronics,Cuboidal,Brown,None,Small,Wood,Timekeeping,Text,,done,
46d69ab16b7cd068d424c383955b91e756184130.mp4,Plate,Dishware,Circular,White,None,Small,Ceramic,Serving,None,Textured,done,
4b4f5834c4163706bcc3029862f8f0ec73d92684.mp4,Bottle,Container,Cuboidal,Brown,None,Small,Glass,Storing Liquid,Label,,done,
4db7a1a5377cf18b8a14ab335a2970724ec43f2c.mp4,Teapot,Kitchenware,Spherical,White,None,Small,Ceramic,Brewing Tea,Dots,Handle,done,
514bcfa03c15eae74fc4ee090c9e3186100ecede.mp4,Teapot,Kitchenware,Spherical,Multicolored,None,Small,Ceramic,Brewing Tea,Stripes,Golden spout and handle,done,
577ab6846773c22e68a1ead745bba0ac6e60d8b2.mp4,Kettle,Appliance,Cylindrical,Black,White,Medium,Metal and Glass,Heating Liquid,None,Electric,done,
5987a90f46b36e79028cc46a90fa39bc0b9cb2a3.mp4,Goblet,Drinkware,Conical,Silver,None,Small,Metal,Serving Liquids,None,Elegant,done,
5b370f537fda5e97a00b491d7469b0761e2570bc.mp4,Photo Frame,Container,Rectangular,Gray,White,Small,Plastic,Decoration,Image,"Collage, pictures of a woman",done,
6361984802efa59ed8b1b2bafc2ca9aa91d4fe8e.mp4,Decanter,Drinkware,Bulbous,White,None,Medium,Glass,Storage,None,Elegant,done,
6441c18aab2884608788795c231b96924c6e5523.mp4,Vase,Household,Cylindrical,Gray,None,Small,Ceramic,Decoration,None,Smooth,done,
6c012b2a87c94cc8b26d014ba8601b4eadf0c17d.mp4,Diary,Stationery,Cuboidal,Black,None,Small,Paper,Writing,None,Stackable,done,
6c1af528c8424b3c09a8284f27f4dfd96c4a8a56.mp4,"Clock, bedside clock",Household,Curved,Black,White,Small,Wood,Timekeeping,Text,"Antique, Roman Numerals",done,
6d3e6501fd91b94bedb34344757d43b8c5f8facf.mp4,Kettle,Kitchenware,Other,Black,None,Medium,Metal,Heating Liquid,None,Shiny,done,heating should an attribute maybe?
70bf9f997babb17d77bafb5cc9cfc30e32a02403.mp4,Donkey,Toy,Animal,Brown,Yellow,Small,Fabric,Playing,None,Animated,done,
7399f8521ca7ef2a8d294e50b5a8063ad5bc02d9.mp4,Pillow,Household,Rectangular,Gray,None,Small,Fabric,Head Support,None,Soft,done,
74719799dd6db4311fb6cb0a62f9e2892006e2b7.mp4,Glasses,Accessory,Other,Black,None,Small,Plastic,Vision correction,Text,Optical,done,
7b4ca77d236d65ef61572a5cad361c33a6976021.mp4,Picture Frame,Household,Rectangular,White,None,Small,Plastic,Decoration,None,Framed,done,
878dc86bcc60dec276240e2c7551b73094903127.mp4,Plate,Dishware,Rectangular,White,Green,Small,Ceramic,Serving,Lines,Flat,done,
87a34af23efddf90b6267768647fbedcbf846827.mp4,Mug,Drinkware,Cylindrical,Gray,None,Small,Ceramic,Serving Liquids,None,Handle,done,
87ed6d0c785b3245207bb217eb3ee3fc079f8633.mp4,Basket,Container,Cuboidal,Brown,None,Medium,Wood,Storage,None,Woven,done,
8aa978beb04d130c9d587f9c2858522cbf559703.mp4,Container / Vase,Household,Cylindrical,Gray,None,Medium,Ceramic,Decoration,None,Textured,done,
8f219c41f9dee18f531ead442c29cb1f5615cd7d.mp4,Mug,Drinkware,Cylindrical,White,Blue,Small,Ceramic,Serving Liquids,Lines,Handle,done,
917651b88d2d95bdb9d186328a36a94b1a1f3222.mp4,Diary,Stationery,Cuboidal,Brown,None,Small,Paper,Writing,None,Tie-up band,done,
91b325c9cc01f9cee08f3cb14ff3a779a241293a.mp4,Bowl,Container,Concave,Red,None,Small,Plastic,Serving,Bear Face,Cute,done,
952ee2c654a116614574c4407d8182a3d2af656a.mp4,Tooth brush holder,Container,Cylindrical,White,Gray,Small,Plastic,Storage,Heart Pattern,Reflective,done,
95c68d8838c86a3f597fac1a72dcad7951f044fe.mp4,Candle,Accessory,Cylindrical,Blue,Black,Small,Wax ,Lighting,None,,done,
991bae3b8af2a9a110e32138d6a63ae1f038c0bc.mp4,Kitchen Container,Kitchenware,Cylindrical,Multicolored,None,Small,Ceramic,Storage,Brick pattern,For storing spoons,done,
9c02c6496d1e3c5cc62b01afc47de32ac9818ed0.mp4,Mug,Drinkware,Cylindrical,Cream,White,Small,Ceramic,Serving,None,Handle,done,
9e0b08eceb97e1b79cb728ec31891e71ac97570a.mp4,Book,Stationery,Cuboidal,Multicolored,Red,Small,Paper,Reading,Printed,hard bound,done,
a4654ee5e9322c13bf2c85cb8e2c988c7c4365db.mp4,Glass,Dishware,Cylindrical,Gray,White,Small,Stone,Serving Liquids,None,,done,
a8e2f442d0f6e5d86d27aa23aac71392f332addf.mp4,Toy Rabbit,Toy,Other,White,Cream,Small,Other,Playing,None,Cartoonish,done,
b0e85675655f936f71c6b47f6bf0bcd09e4e09cb.mp4,Spice Mill,Kitchenware,Cylindrical,Gray,Brown,Small,Stone and Wood,Seasoning,None,,done,
b4ba58ab622b84b76b98a8d4f907116425d68f3b.mp4,Teddy,Toy,Other,Light Brown,None,Medium,Fabric,Playing,None,Plush,done,
c1a07c25aef6562d3459a2d1bfbbc4e3265b0fab.mp4,Clock,Household,Cylindrical,Green,None,Small,Metal,Timekeeping,Text,Alarm Clock,done,
c27ffe33c37fb0d58bd76b949f85b4896545e0ed.mp4,Vase,Household,Cylindrical,Cream,Brown,Medium,Ceramic,Decoration,None,Textured,done,earlier said stripes
c8d16af73e07db7b9ff1aea7bc583f22f9166d72.mp4,Picture Frame,Household,Rectangular,Brown,Cream,Small,Plastic,Decoration,Image,Framed,done,
cb99e067e7b29c10b0dd4af17b50969a94e1796c.mp4,Glass,Drinkware,Cylindrical,Silver,None,Small,Metal,Serving,None,,done,earlier it said delicate - glass
cccc049db3ef5417dc934e267c4fbe40d6eb3691.mp4,Bear,Toy,Other,Brown,Red,Small,Fabric,Playing,None,"Festive, with santa cap",done,
d09e802e1433f67df014386783a93db85eedef8e.mp4,Mug,Drinkware,Cylindrical,Brown,None,Small,Ceramic,Serving Liquids,Text,"Handle, letter S on it",done,
d516aeceef849a09918f3b92e3fb422b7b29e64c.mp4,Frame,Household,Rectangular,Brown,None,Small,Wood,Decoration,Stripes,Empty,done,ridged? instead of stripes
d5a5480ce6fc74aa5cb74f6b16c2dea8cb90544e.mp4,Bottle,Container,Cuboidal,White,None,Small,Glass,Storing Liquid,Text,Vodka,done,
dbcd7791f12e9e9ae40e8ea77a8203bf66cb50a1.mp4,Book,Stationery,Cuboidal,Multicolored,None,Small,Paper,Reading,Image,Informative,Done,
e1c1bad84e5f13ad43ee5c702656ac412df0d088.mp4,Pot,Cookware,Cylindrical,Blue,None,Medium,Ceramic,Cooking,None,Lidded,done,
ea21d1fc5ed78e1a0c2ec72acdecbf7ca7983ffe.mp4,Candle,Household,Cylindrical,Pink,None,Small,Wax,Decoration,None,Fragrant,done,
ed14e770fd67e162579a13fc83a47646527f1625.mp4,Bowl,Container,Concave,White,None,Medium,Ceramic,Serving,None,Shallow,done,
ed95f32cc00075ceed5bd4b593d2a06a444c0eec.mp4,Mug,Dishware,Cylindrical,Blue,White,Small,Ceramic,Serving Liquids,None,Handle,done,
f427ee2c7b7482af6c00918245cad73df5241a94.mp4,Vase,Container,Cylindrical,Gray,White,Medium,Ceramic,Decoration,None,Smooth,done,
xxxx04ce6371xf141x45dcx8d79xf7c193d2a1b6.mp4,Wineglass,Drinkware,Cylindrical,Red,Transparent,Small,Glass,Serving Liquids,None,Elegant,done,
xxxx575beb73xadbex4b2axbc06x2273ca72ce73.mp4,Candle,Accessory,Cylindrical,White,Blue,Small,Wax,Decoration,Textured,"Smooth, candle",done,
xxxxe3f9a974xfd88x433bx92c8x5f4d72d43be3.mp4,Bottle,Bottle,Cylindrical,Transparent,Gray,Medium,Glass,Storing Liquid,None,Reusable,done,
,,,,,,,,,,,,
188c1fa84ac72c9d9f17430052459e4cfebc0f81.mp4,Book,Stationery,Cuboidal,Black,None,Small,Paper,Reading,Text,Hard Cover,done,
1bd20c0904b0a85598a32a2de70c3a2facdf8e4d.mp4,Vase,Container,Bulbous,Green,None,Long,Ceramic,Decoration,Ribs,Elegant,done,
214f1f476b131b11636fd17e6f8e8d8ec86e2c59.mp4,Pot,Kitchenware,Cylindrical,White,None,Medium,Ceramic,Cooking,None,Covered,done,
391972f73810b6eab26e322652d88a61aea7a739.mp4,Bowl,Dishware,Concave,Gold,None,Medium,Metal,Serving,None,Large rims,done,
3d779b56904aafa1c8f2412e4f5e4c4460098bb0.mp4,Mug,Drinkware,Cylindrical,Multicolored,None,Small,Ceramic,Serving Liquids,Santa Claus,Christmas,done,
3dd23dc556fc4cfddb51b24987f1758ca0db4f2c.mp4,Photo Frame,Household,Rectangular,Brown,White,Small,Wood,Decoration,Image,Framed,done,
4087db7d03a368aeb48956f358eeee58e0edd7b3.mp4,Plate,Household,Circular,Green,None,Medium,Ceramic,Decoration,Floral pattern,Antique,done,
42df49592ce3c646bf92368203f520035f62a28f.mp4,Platypus,Statue,Animal,Brown,None,Medium,Wood,Decoration,None,Platypus Statue,done,
438c5d36069bba7af2248c42349e99c1a69547ff.mp4,Mug,Drinkware,Cylindrical,Black,White,Small,Ceramic,Storing Liquid,Floral pattern,Handle,done,
7251c7d128ec42f88c4ac07568ecfe9fac7e86d7.mp4,Frame,Household,Rectangular,Black,White,Medium,Wood,Decoration,Graphics,Zebras in the frame,done,
8c8df98aa3b25617201f5c40ae09bd20648ee8d7.mp4,Box,Household,Cylindrical,Multicolored,None,Medium,Wood,Storage,Stripes,,done,
ad87281ca93b236560306a08f0953ba340e85c3c.mp4,Pitcher,Container,Bulbous,Bronze,None,Medium,Ceramic,Storing Liquid,Leaf,Looks like pitcher plant,done,
xxxx6c3b8f4ax07a5x4c9exbf89x4cce25209c87.mp4,Mug,Drinkware,Cylindrical,White,None,Small,Ceramic,Storing Liquid,None,Handle,done,
xxxx82261fccxf2d8x4aacxbf4axb3a0a222dbad.mp4,Glass,Drinkware,Curved,Transparent,None,Small,Glass,Storing Liquid,None,Wine Glass,done,
B07JLBDT51.mp4,Vase,Household,Cylindrical,Multicolored,None,Medium,Ceramic,Decoration,Stripes,Smooth,done,
AllergenFree_JarroDophilus.mp4,Bottle,Medication,Cylindrical,Yellow,White,Small,Plastic,Medication,Label,Supplement,done,
Canon_Pixma_Chromalife_100_Magenta_8.mp4,Canon Pixma,Equipment,Rectangular,White,Red,Small,Cardboard,Packaging,Graphics,Canon box,done,
Cole_Hardware_Saucer_Glazed_6.mp4,Saucer,Container,Circular,Brown,None,Medium,Ceramic,Gardening,None,Glazed,done,
Ecoforms_Plant_Saucer_S14MOCHA.mp4,Saucer,Container,Circular,Brown,None,Medium,Plastic,Gardening,None,Simple,done,
Ecoforms_Plant_Saucer_S17MOCHA.mp4,Saucer,Container,Circular,Brown,None,Medium,Plastic,Gardening,None,Simple,done,
Ecoforms_Plant_Saucer_SQ1HARVEST.mp4,Saucer,Container,Rectangular,Yellow,None,Medium,Plastic,Gardening,None,Plain,done,
F10_TRX_TF_rH7tmKCdUJq.mp4,Soccer Cleats,Footwear,Other,Purple,Blue,Medium,Synthetic,Running,Stripes,Messi written on the side,done,
Office_Depot_Dell_Series_9_Ink_Cartridge_Black_MK992.mp4,Box,Container,Cuboidal,White,Green,Small,Cardboard,Packaging,Graphics,Office Depot written on the box,done,
Olive_Kids_Butterfly_Garden_Pencil_Case.mp4,Pencilcase,Container,Cylindrical,Multicolored,None,Small,Fabric,Storage,Butterflies,Zippered,done,
Perricone_MD_Best_of_Perricone_7Piece_Collection_MEGsO6GIsyL.mp4,Box,Container,Cuboidal,White,Brown,Medium,Cardboard,Packaging,Graphics,Closed,done,
Philips_EcoVantage_43_W_Light_Bulbs_Natural_Light_2_pack.mp4,Box,Container,Cuboidal,Multicolored,None,Small,Cardboard,Packaging,Graphics,Philips Bulb,done,
Apple_13.mp4,Apple,Food,Cylindrical,Red,None,Small,Organic,Nutrition,None,Shiny,done,
Apple_14.mp4,Apple,Food,Spherical,Red,None,Small,Organic,Nutrition,None,Smooth,done,
Apple_22.mp4,Apple,Food,Oval,Red,None,Small,Organic,Nutrition,None,Smooth,done,
Book_6.mp4,Book,Stationery,Cuboidal,Blue,None,Small,Paper,Reading,Graphics,Educational,done,
Bowl_6.mp4,Bowl,Dishware,Concave,Black,None,Medium,Ceramic,Serving,None,Empty,done,
Egg_11.mp4,Egg,Food,Oval,Cream,None,Small,Organic,Nutrition,None,Edible,done,
Egg_23.mp4,Egg,Food,Oval,Cream,None,Small,Organic,Nutrition,None,Smooth,done,
Hand_Statue_Master.mp4,Hand,Statue,Human,White,None,Medium,Plastic,Decoration,None,Mannequin,done,
Laptop_13.mp4,Keyboard,Electronics,Rectangular,Black,None,Medium,Plastic,Computing,Logo,Teacup Logo,done,
Mug_2.mp4,Mug,Drinkware,Cylindrical,Cream,None,Small,Ceramic,Storing Liquid,None,Handle,done,
Plate_12.mp4,Plate,Dishware,Square,White,None,Medium,Ceramic,Serving,None,Minimalist,done,
Plate_19.mp4,Plate,Dishware,Circular,Gray,None,Medium,Ceramic,Serving,None,Simple,done,
Potato_18.mp4,Potato,Food,Oval,Brown,None,Small,Organic,Nutrition,None,Root,done,
Potato_6.mp4,Potato,Food,Oval,Brown,None,Small,Organic,Nutrition,None,Raw,done,
Soap_Bottle_17.mp4,Dispenser,Bottle,Bulbous,Pink,Bronze,Small,Glass and Plastic,Storing Liquid,None,Pump,done,
Soap_Bottle_23.mp4,Dispenser,Container,Conical,Brown,Bronze,Small,Glass and Plastic,Storing Liquid,Lines,Pump,done,